ID,Estimated Speedup [%],Function Name,Demangled Name,Duration [us],Runtime Improvement [us],Compute Throughput [%],Memory Throughput [%],# Registers [register/thread],Grid Size,Block Size [block],Result Type
0,8.18,naiveScan,Naive::naiveScan..,494.94,40.51,14.69,91.82,16,"131072,    1,    1","  128,    1,    1",Kernel: SIMT
1,8.07,naiveScan,Naive::naiveScan..,488.03,39.37,14.88,91.93,16,"131072,    1,    1","  128,    1,    1",Kernel: SIMT
2,7.80,naiveScan,Naive::naiveScan..,484.06,37.75,15.00,92.20,16,"131072,    1,    1","  128,    1,    1",Kernel: SIMT
3,7.96,naiveScan,Naive::naiveScan..,488.32,38.89,14.87,92.04,16,"131072,    1,    1","  128,    1,    1",Kernel: SIMT
4,7.88,naiveScan,Naive::naiveScan..,488.19,38.49,14.87,92.12,16,"131072,    1,    1","  128,    1,    1",Kernel: SIMT
5,7.56,naiveScan,Naive::naiveScan..,490.75,37.11,14.79,92.44,16,"131072,    1,    1","  128,    1,    1",Kernel: SIMT
6,8.05,naiveScan,Naive::naiveScan..,484.80,39.01,14.98,91.95,16,"131072,    1,    1","  128,    1,    1",Kernel: SIMT
7,7.84,naiveScan,Naive::naiveScan..,483.14,37.90,15.03,92.16,16,"131072,    1,    1","  128,    1,    1",Kernel: SIMT
8,8.27,naiveScan,Naive::naiveScan..,491.30,40.65,14.78,91.73,16,"131072,    1,    1","  128,    1,    1",Kernel: SIMT
9,8.22,naiveScan,Naive::naiveScan..,492.64,40.48,14.74,91.78,16,"131072,    1,    1","  128,    1,    1",Kernel: SIMT
10,7.85,naiveScan,Naive::naiveScan..,490.18,38.47,14.81,92.15,16,"131072,    1,    1","  128,    1,    1",Kernel: SIMT
11,8.09,naiveScan,Naive::naiveScan..,493.28,39.90,14.72,91.91,16,"131072,    1,    1","  128,    1,    1",Kernel: SIMT
12,8.24,naiveScan,Naive::naiveScan..,487.42,40.18,14.91,91.76,16,"131072,    1,    1","  128,    1,    1",Kernel: SIMT
13,8.43,naiveScan,Naive::naiveScan..,494.53,41.67,14.68,91.57,16,"131072,    1,    1","  128,    1,    1",Kernel: SIMT
14,8.54,naiveScan,Naive::naiveScan..,489.12,41.77,14.84,91.46,16,"131072,    1,    1","  128,    1,    1",Kernel: SIMT
15,8.80,naiveScan,Naive::naiveScan..,489.79,43.10,14.82,91.20,16,"131072,    1,    1","  128,    1,    1",Kernel: SIMT
16,8.79,naiveScan,Naive::naiveScan..,489.41,43.04,14.82,91.21,16,"131072,    1,    1","  128,    1,    1",Kernel: SIMT
17,7.99,naiveScan,Naive::naiveScan..,485.44,38.80,14.94,92.01,16,"131072,    1,    1","  128,    1,    1",Kernel: SIMT
18,8.68,naiveScan,Naive::naiveScan..,490.78,42.58,14.74,91.32,16,"131072,    1,    1","  128,    1,    1",Kernel: SIMT
19,8.70,naiveScan,Naive::naiveScan..,490.91,42.69,14.67,91.30,16,"131072,    1,    1","  128,    1,    1",Kernel: SIMT
20,8.75,naiveScan,Naive::naiveScan..,491.36,42.98,14.54,91.25,16,"131072,    1,    1","  128,    1,    1",Kernel: SIMT
21,18.59,naiveScan,Naive::naiveScan..,685.44,127.39,10.26,81.41,16,"131072,    1,    1","  128,    1,    1",Kernel: SIMT
22,8.04,naiveScan,Naive::naiveScan..,722.21,58.07,9.42,91.96,16,"131072,    1,    1","  128,    1,    1",Kernel: SIMT
23,9.56,naiveScan,Naive::naiveScan..,643.26,61.51,9.88,90.44,16,"131072,    1,    1","  128,    1,    1",Kernel: SIMT
24,9.08,naiveScan,Naive::naiveScan..,488.86,44.40,11.14,90.92,16,"131072,    1,    1","  128,    1,    1",Kernel: SIMT
25,14.60,inclusiveToExclusive,..inclusiveToExclusive..,486.85,71.08,11.18,91.38,16,"131072,    1,    1","  128,    1,    1",Kernel: SIMT
26,43.63,upsweep,Efficient::upsweep..,546.53,238.47,22.85,80.59,16,"131072,    1,    1","  128,    1,    1",Kernel: SIMT
27,61.64,upsweep,Efficient::upsweep..,581.06,358.19,17.30,75.99,16,"131072,    1,    1","  128,    1,    1",Kernel: SIMT
28,68.96,upsweep,Efficient::upsweep..,606.72,418.41,14.63,74.57,16,"131072,    1,    1","  128,    1,    1",Kernel: SIMT
29,63.35,upsweep,Efficient::upsweep..,516.16,327.00,16.08,70.67,16,"131072,    1,    1","  128,    1,    1",Kernel: SIMT
30,50.86,upsweep,Efficient::upsweep..,352.38,179.21,22.72,52.35,16,"131072,    1,    1","  128,    1,    1",Kernel: SIMT
31,45.98,upsweep,Efficient::upsweep..,232.22,106.78,33.86,37.14,16,"131072,    1,    1","  128,    1,    1",Kernel: SIMT
32,50.45,upsweep,Efficient::upsweep..,188.26,94.98,41.40,23.22,16,"131072,    1,    1","  128,    1,    1",Kernel: SIMT
33,52.68,upsweep,Efficient::upsweep..,180.38,95.03,42.99,13.54,16,"131072,    1,    1","  128,    1,    1",Kernel: SIMT
34,51.07,upsweep,Efficient::upsweep..,158.59,80.99,48.82,11.52,16,"131072,    1,    1","  128,    1,    1",Kernel: SIMT
35,46.68,upsweep,Efficient::upsweep..,146.46,68.37,52.78,12.44,16,"131072,    1,    1","  128,    1,    1",Kernel: SIMT
36,46.23,upsweep,Efficient::upsweep..,144.96,67.01,53.29,12.55,16,"131072,    1,    1","  128,    1,    1",Kernel: SIMT
37,46.13,upsweep,Efficient::upsweep..,144.70,66.76,53.36,12.56,16,"131072,    1,    1","  128,    1,    1",Kernel: SIMT
38,46.13,upsweep,Efficient::upsweep..,144.70,66.75,53.37,12.56,16,"131072,    1,    1","  128,    1,    1",Kernel: SIMT
39,46.14,upsweep,Efficient::upsweep..,144.74,66.78,53.36,12.55,16,"131072,    1,    1","  128,    1,    1",Kernel: SIMT
40,46.14,upsweep,Efficient::upsweep..,144.67,66.76,53.35,12.55,16,"131072,    1,    1","  128,    1,    1",Kernel: SIMT
41,46.15,upsweep,Efficient::upsweep..,144.70,66.79,53.34,12.55,16,"131072,    1,    1","  128,    1,    1",Kernel: SIMT
42,46.15,upsweep,Efficient::upsweep..,144.70,66.78,53.34,12.55,16,"131072,    1,    1","  128,    1,    1",Kernel: SIMT
43,46.15,upsweep,Efficient::upsweep..,144.67,66.77,53.34,12.55,16,"131072,    1,    1","  128,    1,    1",Kernel: SIMT
44,46.15,upsweep,Efficient::upsweep..,144.67,66.77,53.35,12.55,16,"131072,    1,    1","  128,    1,    1",Kernel: SIMT
45,46.15,upsweep,Efficient::upsweep..,144.70,66.78,53.34,12.55,16,"131072,    1,    1","  128,    1,    1",Kernel: SIMT
46,46.16,upsweep,Efficient::upsweep..,144.67,66.78,53.35,12.55,16,"131072,    1,    1","  128,    1,    1",Kernel: SIMT
47,46.14,upsweep,Efficient::upsweep..,144.67,66.75,53.35,12.55,16,"131072,    1,    1","  128,    1,    1",Kernel: SIMT
48,46.14,upsweep,Efficient::upsweep..,144.74,66.78,53.33,12.55,16,"131072,    1,    1","  128,    1,    1",Kernel: SIMT
49,46.15,upsweep,Efficient::upsweep..,144.67,66.77,53.35,12.55,16,"131072,    1,    1","  128,    1,    1",Kernel: SIMT
50,49.34,downsweep,Efficient::downsweep..,144.67,71.38,50.21,12.55,16,"131072,    1,    1","  128,    1,    1",Kernel: SIMT
51,49.31,downsweep,Efficient::downsweep..,144.67,71.34,50.21,12.55,16,"131072,    1,    1","  128,    1,    1",Kernel: SIMT
52,49.30,downsweep,Efficient::downsweep..,144.67,71.32,50.21,12.55,16,"131072,    1,    1","  128,    1,    1",Kernel: SIMT
53,49.31,downsweep,Efficient::downsweep..,144.67,71.34,50.20,12.55,16,"131072,    1,    1","  128,    1,    1",Kernel: SIMT
54,49.32,downsweep,Efficient::downsweep..,144.70,71.36,50.21,12.55,16,"131072,    1,    1","  128,    1,    1",Kernel: SIMT
55,49.31,downsweep,Efficient::downsweep..,144.70,71.35,50.21,12.55,16,"131072,    1,    1","  128,    1,    1",Kernel: SIMT
56,49.31,downsweep,Efficient::downsweep..,144.67,71.34,50.21,12.55,16,"131072,    1,    1","  128,    1,    1",Kernel: SIMT
57,49.31,downsweep,Efficient::downsweep..,144.67,71.34,50.21,12.55,16,"131072,    1,    1","  128,    1,    1",Kernel: SIMT
58,49.31,downsweep,Efficient::downsweep..,144.70,71.36,50.20,12.55,16,"131072,    1,    1","  128,    1,    1",Kernel: SIMT
59,49.34,downsweep,Efficient::downsweep..,144.70,71.39,50.22,12.55,16,"131072,    1,    1","  128,    1,    1",Kernel: SIMT
60,49.31,downsweep,Efficient::downsweep..,144.74,71.37,50.20,12.55,16,"131072,    1,    1","  128,    1,    1",Kernel: SIMT
61,49.32,downsweep,Efficient::downsweep..,144.70,71.36,50.22,12.56,16,"131072,    1,    1","  128,    1,    1",Kernel: SIMT
62,49.32,downsweep,Efficient::downsweep..,144.77,71.39,50.20,12.56,16,"131072,    1,    1","  128,    1,    1",Kernel: SIMT
63,49.81,downsweep,Efficient::downsweep..,146.14,72.79,49.73,12.46,16,"131072,    1,    1","  128,    1,    1",Kernel: SIMT
64,50.90,downsweep,Efficient::downsweep..,149.50,76.10,48.64,12.21,16,"131072,    1,    1","  128,    1,    1",Kernel: SIMT
65,54.24,downsweep,Efficient::downsweep..,159.94,86.75,45.47,11.46,16,"131072,    1,    1","  128,    1,    1",Kernel: SIMT
66,49.64,downsweep,Efficient::downsweep..,188.70,93.67,38.58,11.00,16,"131072,    1,    1","  128,    1,    1",Kernel: SIMT
67,58.03,downsweep,Efficient::downsweep..,232.64,135.01,31.36,23.13,16,"131072,    1,    1","  128,    1,    1",Kernel: SIMT
68,44.53,downsweep,Efficient::downsweep..,283.78,126.37,25.84,42.00,16,"131072,    1,    1","  128,    1,    1",Kernel: SIMT
69,56.89,downsweep,Efficient::downsweep..,395.52,225.02,18.68,60.17,16,"131072,    1,    1","  128,    1,    1",Kernel: SIMT
70,68.67,downsweep,Efficient::downsweep..,614.66,422.07,12.23,73.92,16,"131072,    1,    1","  128,    1,    1",Kernel: SIMT
71,69.24,downsweep,Efficient::downsweep..,611.65,423.50,12.71,74.46,16,"131072,    1,    1","  128,    1,    1",Kernel: SIMT
72,61.30,downsweep,Efficient::downsweep..,589.98,361.66,14.04,77.51,16,"131072,    1,    1","  128,    1,    1",Kernel: SIMT
73,43.61,downsweep,Efficient::downsweep..,557.66,243.20,16.69,81.05,16,"131072,    1,    1","  128,    1,    1",Kernel: SIMT
74,11.56,static_kernel,..static_kernel..policy_selector..,192.19,22.21,14.17,88.44,16,"32768,    1,    1","  256,    1,    1",Kernel: SIMT
75,83.07,DeviceScanInitKernel,..DeviceScanInitKernel..,1.95,1.62,1.40,5.20,16,"   69,    1,    1","  128,    1,    1",Kernel: SIMT
76,8.17,DeviceScanKernel,..DeviceScanKernel..,484.80,39.62,27.03,91.83,56," 8739,    1,    1","  128,    1,    1",Kernel: SIMT
77,50.13,blockReduce,EfficientShared::blockReduce..,281.15,140.95,57.29,94.98,16,"65536,    1,    1","  256,    1,    1",Kernel: SIMT
78,50.00,blockReduce,EfficientShared::blockReduce..,3.39,1.70,18.70,30.56,16,"  256,    1,    1","  256,    1,    1",Kernel: SIMT
79,97.22,efficientSharedScan,..efficientSharedScan..,2.53,2.46,0.13,1.17,20,"    1,    1,    1","  256,    1,    1",Kernel: SIMT
80,50.00,efficientSharedScan,..efficientSharedScan..,3.87,1.94,22.14,27.42,20,"  256,    1,    1","  256,    1,    1",Kernel: SIMT
81,12.78,efficientSharedScan,..efficientSharedScan..,511.04,65.31,42.18,91.07,20,"65536,    1,    1","  256,    1,    1",Kernel: SIMT
